id,section_id,type,stem,options,explanation,handbook_ref,difficulty,Status,Edited text,Reviewer note
Q-CH1-RES-001,CH1-RES,truefalse,People applying to settle in the UK must also show they can speak and understand English.,*True | False,Most applicants for settlement or citizenship must pass the Life in the UK test and also meet the English language requirement.,Chapter 1 · Becoming a permanent resident,1,,,
Q-CH1-RES-002,CH1-RES,single,What do most people need to pass to settle permanently or become a British citizen?,*The Life in the UK test | A driving test | A university degree | A first aid course,"Most adults applying for settlement or citizenship must pass the Life in the UK test. Some people, such as those over 65, do not need to take it.",Chapter 1 · Becoming a permanent resident,1,,,
Q-CH1-TST-001,CH1-TST,single,How many questions are there in the Life in the UK test?,*24 | 20 | 30 | 45,The test has 24 multiple-choice questions and you have 45 minutes to answer them.,Chapter 1 · Taking the Life in the UK test,1,,,
Q-CH1-TST-002,CH1-TST,truefalse,To pass the Life in the UK test you need to answer at least 75% of the questions correctly.,*True | False,"The pass mark is 75%, which means at least 18 of the 24 questions must be right.",Chapter 1 · Taking the Life in the UK test,1,,,
Q-CH1-VAL-001,CH1-VAL,single,Which of these is a fundamental principle of British life?,*Democracy | Rule by the army | One religion for everyone | Rule by the richest families,"Fundamental principles of British life include democracy, the rule of law, individual liberty and tolerance of different faiths and beliefs.",Chapter 1 · The values and principles of the UK,1,,,
Q-CH1-VAL-002,CH1-VAL,truefalse,People in the UK are expected to respect the rights of others to hold their own opinions.,*True | False,"Tolerance is a core British value. You can disagree with someone, but you should respect their right to their own views and beliefs.",Chapter 1 · The values and principles of the UK,1,,,
Q-CH1-VAL-003,CH1-VAL,multi,Which TWO are responsibilities of people who live in the UK?,*Respect and obey the law | *Look after the area you live in | Join a political party | Go to a place of worship every week,"Everyone should respect the law and look after themselves, their family and the area where they live. Joining a party or religion is a free choice.",Chapter 1 · The values and principles of the UK,2,,,
Q-CH2-UK-001,CH2-UK,single,Which of these is NOT part of the UK?,*The Republic of Ireland | Wales | Scotland | Northern Ireland,"The UK is made up of England, Scotland, Wales and Northern Ireland. The Republic of Ireland is a separate, independent country.",Chapter 2 · What is the UK?,1,,,
Q-CH2-UK-002,CH2-UK,single,Which countries make up Great Britain?,"*England, Scotland and Wales | England, Scotland, Wales and Northern Ireland | England and Wales only | England, Wales and Northern Ireland","Great Britain is the island of England, Scotland and Wales. The United Kingdom adds Northern Ireland.",Chapter 2 · What is the UK?,2,,,
Q-CH2-UK-003,CH2-UK,truefalse,The Isle of Man is part of the UK.,True | *False,The Isle of Man and the Channel Islands are Crown dependencies. They have their own governments and are not part of the UK.,Chapter 2 · What is the UK?,2,,,
Q-CH2-UK-004,CH2-UK,multi,Which TWO are Crown dependencies?,*The Channel Islands | *The Isle of Man | The Isle of Wight | Anglesey,The Channel Islands and the Isle of Man have a special link to the UK but run their own affairs. The Isle of Wight and Anglesey are part of the UK.,Chapter 2 · What is the UK?,2,,,
Q-CH2-UK-005,CH2-UK,single,What is the capital city of Wales?,*Cardiff | Swansea | Newport | Bangor,"Cardiff is the capital city of Wales. The capital of England is London, of Scotland is Edinburgh and of Northern Ireland is Belfast.",Chapter 2 · What is the UK?,1,,,
Q-CH2-UK-006,CH2-UK,single,What is the capital city of Northern Ireland?,*Belfast | Londonderry | Armagh | Newry,Belfast is the capital of Northern Ireland. It is home to the Northern Ireland Assembly at Stormont.,Chapter 2 · What is the UK?,1,,,
Q-CH2-UK-007,CH2-UK,single,What is the capital city of Scotland?,*Edinburgh | Glasgow | Aberdeen | Dundee,"Edinburgh is the capital of Scotland. Glasgow is Scotland's largest city, but it is not the capital.",Chapter 2 · What is the UK?,1,,,
Q-CH2-UK-008,CH2-UK,truefalse,"Scotland, Wales and Northern Ireland each have their own parliament or assembly with some powers of their own.",*True | False,"Some powers are devolved from the UK Parliament, so Scotland, Wales and Northern Ireland can make their own decisions on matters such as health and education.",Chapter 2 · What is the UK?,2,,,
Q-CH3-C20-001,CH3-C20,single,When did fighting in the First World War end?,*11 November 1918 | 6 June 1944 | 11 November 1914 | 8 May 1945,The First World War ended at 11 am on 11 November 1918. People remember those who died on this date each year.,Chapter 3 · The 20th century,2,,,
Q-CH3-C20-002,CH3-C20,single,"On the first day of which battle in 1916 did the British suffer about 60,000 casualties?",*The Battle of the Somme | The Battle of Britain | The Battle of Waterloo | The Battle of Hastings,"The Battle of the Somme in 1916 was one of the bloodiest battles of the First World War, with huge losses on the first day.",Chapter 3 · The 20th century,3,,,
Q-CH3-C20-003,CH3-C20,single,Who became Prime Minister in 1940 and led Britain in the Second World War?,*Winston Churchill | Clement Attlee | Neville Chamberlain | Margaret Thatcher,Winston Churchill became Prime Minister in 1940. His speeches helped people stay strong when Britain stood alone against Germany.,Chapter 3 · The 20th century,1,,,
Q-CH3-C20-004,CH3-C20,single,Which battle was fought in the skies over Britain in 1940?,*The Battle of Britain | The Battle of the Somme | D-Day | The Battle of Trafalgar,"In the Battle of Britain, the Royal Air Force defended the country using Spitfire and Hurricane aircraft, and stopped a German invasion.",Chapter 3 · The 20th century,2,,,
Q-CH3-C20-005,CH3-C20,single,"What happened on D-Day, 6 June 1944?",*Allied forces landed in Normandy | Germany surrendered | The Battle of Britain began | Soldiers were rescued from Dunkirk,"On D-Day, Allied forces landed on the beaches of Normandy in France. This began the defeat of Germany in western Europe.",Chapter 3 · The 20th century,2,,,
Q-CH3-C20-006,CH3-C20,single,Who discovered penicillin?,*Alexander Fleming | Frank Whittle | Alan Turing | Tim Berners-Lee,Scottish scientist Alexander Fleming discovered penicillin in 1928. It was later developed into a medicine that treats many infections.,Chapter 3 · The 20th century,2,,,
Q-CH3-C20-007,CH3-C20,single,In which year was the National Health Service (NHS) set up?,*1948 | 1918 | 1945 | 1965,"The NHS began in 1948 under the Labour government. Aneurin (Nye) Bevan, the Minister for Health, led its creation.",Chapter 3 · The 20th century,2,,,
Q-CH3-C20-008,CH3-C20,truefalse,"In 1940, many British soldiers were rescued from the beaches of Dunkirk by small civilian boats.",*True | False,"Over 300,000 soldiers were rescued from Dunkirk in France. People still talk about the 'Dunkirk spirit' when facing hard times together.",Chapter 3 · The 20th century,2,,,
Q-CH3-C20-009,CH3-C20,single,Which mathematician's ideas helped lead to the modern computer?,*Alan Turing | Isaac Newton | John Logie Baird | Frank Whittle,Alan Turing was a British mathematician. His idea of the 'Turing machine' had a big influence on computer science.,Chapter 3 · The 20th century,2,,,
Q-CH3-C20-010,CH3-C20,single,Who invented the jet engine?,*Sir Frank Whittle | Sir Robert Watson-Watt | John Logie Baird | Sir Christopher Cockerell,"Sir Frank Whittle, a British engineer, developed the jet engine in the 1930s. Sir Robert Watson-Watt developed radar.",Chapter 3 · The 20th century,3,,,
Q-CH3-C20-011,CH3-C20,single,Who led the Labour government that came to power in 1945?,*Clement Attlee | Winston Churchill | Harold Wilson | Tony Blair,Clement Attlee became Prime Minister in 1945. His government created the NHS and introduced a welfare state.,Chapter 3 · The 20th century,3,,,
Q-CH3-EAR-001,CH3-EAR,single,Where is Stonehenge?,*Wiltshire | Orkney | Cornwall | Kent,"Stonehenge is a famous prehistoric monument in Wiltshire, in the south-west of England. It was probably a special place for gatherings.",Chapter 3 · Early Britain,1,,,
Q-CH3-EAR-002,CH3-EAR,single,"Where is Skara Brae, a very well-preserved Stone Age village?",*Orkney | Shetland | The Isle of Skye | Anglesey,"Skara Brae is on Orkney, off the north coast of Scotland. It is the best-preserved prehistoric village in northern Europe.",Chapter 3 · Early Britain,2,,,
Q-CH3-EAR-003,CH3-EAR,single,"In which year did the Romans, under Emperor Claudius, invade Britain?",*AD 43 | 55 BC | AD 410 | AD 789,Julius Caesar tried to invade in 55 BC but did not stay. The Romans returned under Emperor Claudius in AD 43 and ruled for about 400 years.,Chapter 3 · Early Britain,3,,,
Q-CH3-EAR-004,CH3-EAR,single,Who was Boudicca?,"*Queen of the Iceni, who fought the Romans | A Roman empress who ruled Britain | A Saxon queen who defeated the Vikings | The first queen of Scotland","Boudicca led the Iceni, a tribe in what is now eastern England, against the Romans. Her statue stands on Westminster Bridge in London.",Chapter 3 · Early Britain,2,,,
Q-CH3-EAR-005,CH3-EAR,single,Why did the Romans build Hadrian's Wall?,*To keep out the Picts in the north | To defend against the Vikings | To mark the border with Wales | To protect London from the Saxons,"Emperor Hadrian built the wall in the north of England to keep out the Picts, who were ancestors of the Scottish people.",Chapter 3 · Early Britain,2,,,
Q-CH3-EAR-006,CH3-EAR,single,When did the Romans leave Britain?,*AD 410 | AD 43 | AD 1066 | AD 600,The Roman army left Britain in AD 410 to defend other parts of the Roman Empire. They never returned.,Chapter 3 · Early Britain,3,,,
Q-CH3-EAR-007,CH3-EAR,single,"Which burial site in Suffolk held an Anglo-Saxon king, buried with treasure in a ship?",*Sutton Hoo | Skara Brae | Jorvik | Lindisfarne,"Sutton Hoo in Suffolk is the burial place of an Anglo-Saxon king. He was buried with treasure and armour, all placed inside a ship.",Chapter 3 · Early Britain,3,,,
Q-CH3-EAR-008,CH3-EAR,single,Who became the first Archbishop of Canterbury?,*St Augustine | St Patrick | St Columba | St David,St Augustine led missionaries from Rome who spread Christianity in the south of England. He became the first Archbishop of Canterbury.,Chapter 3 · Early Britain,2,,,
Q-CH3-EAR-009,CH3-EAR,single,Where did the Vikings come from?,*Denmark and Norway | France and Spain | Germany and the Netherlands | Italy and Greece,The Vikings came from Denmark and Norway. They first visited Britain in AD 789 to raid coastal towns and take goods and slaves.,Chapter 3 · Early Britain,2,,,
Q-CH3-EAR-010,CH3-EAR,single,In which year did William of Normandy win the Battle of Hastings?,*1066 | 1314 | 1215 | 1485,"William defeated and killed the English king, Harold, at the Battle of Hastings in 1066. The battle is shown on the Bayeux Tapestry.",Chapter 3 · Early Britain,1,,,
Q-CH3-EAR-011,CH3-EAR,truefalse,"After the Norman Conquest, William had a record made of towns, villages and land in England, called the Domesday Book.",*True | False,The Domesday Book listed who owned land and what animals they had. It still exists and gives a picture of England after the Norman Conquest.,Chapter 3 · Early Britain,2,,,
Q-CH3-EAR-012,CH3-EAR,single,Which Anglo-Saxon king united the kingdoms and defeated the Vikings?,*Alfred the Great | Kenneth MacAlpin | Harold | Cnut,Alfred the Great brought the Anglo-Saxon kingdoms together and defeated the Vikings. Many Vikings then settled in the east and north of England.,Chapter 3 · Early Britain,2,,,
Q-CH3-GLO-001,CH3-GLO,single,Who is usually thought of as the first Prime Minister?,*Sir Robert Walpole | Winston Churchill | William Pitt | Oliver Cromwell,Sir Robert Walpole was the first politician to lead the government as Prime Minister. He held the post from 1721 to 1742.,Chapter 3 · A global power,2,,,
Q-CH3-GLO-002,CH3-GLO,single,"In 1746, Bonnie Prince Charlie's army was defeated at which battle?",*The Battle of Culloden | The Battle of Bosworth Field | The Battle of Bannockburn | The Battle of Waterloo,"Charles Edward Stuart, known as Bonnie Prince Charlie, tried to take the throne. His army was defeated at Culloden in Scotland in 1746.",Chapter 3 · A global power,3,,,
Q-CH3-GLO-003,CH3-GLO,single,Which Scottish poet wrote 'Auld Lang Syne'?,*Robert Burns | Walter Scott | Robert Louis Stevenson | Dylan Thomas,Robert Burns is Scotland's best-known poet. People around the world sing his song 'Auld Lang Syne' at New Year.,Chapter 3 · A global power,2,,,
Q-CH3-GLO-004,CH3-GLO,single,Whose work on steam power helped drive the Industrial Revolution?,*James Watt | Richard Arkwright | Isambard Kingdom Brunel | Henry Bessemer,James Watt was a Scottish scientist. His improvements to steam power helped factories and machines develop quickly during the Industrial Revolution.,Chapter 3 · A global power,2,,,
Q-CH3-GLO-005,CH3-GLO,single,In which year did it become illegal to trade slaves in British ships or ports?,*1807 | 1833 | 1776 | 1901,Parliament ended the slave trade in 1807. In 1833 the Emancipation Act ended slavery across the British Empire.,Chapter 3 · A global power,3,,,
Q-CH3-GLO-006,CH3-GLO,single,Which MP led the campaign in Parliament against the slave trade?,*William Wilberforce | Robert Walpole | Winston Churchill | Aneurin Bevan,William Wilberforce was an MP and a Christian who campaigned for many years to end the slave trade.,Chapter 3 · A global power,2,,,
Q-CH3-GLO-007,CH3-GLO,single,"In 1805, Admiral Nelson defeated the French and Spanish fleets at which battle?",*The Battle of Trafalgar | The Battle of Waterloo | The Battle of the Somme | The Battle of Agincourt,Admiral Nelson won the Battle of Trafalgar in 1805 but was killed in the battle. Nelson's Column in Trafalgar Square remembers him.,Chapter 3 · A global power,2,,,
Q-CH3-GLO-008,CH3-GLO,single,Who defeated Napoleon at the Battle of Waterloo in 1815?,*The Duke of Wellington | Admiral Nelson | Oliver Cromwell | Robert Walpole,The Duke of Wellington defeated Napoleon at Waterloo in 1815. He later became Prime Minister.,Chapter 3 · A global power,2,,,
Q-CH3-GLO-009,CH3-GLO,single,For about how long was Queen Victoria on the throne?,*Almost 64 years | About 30 years | About 45 years | Over 70 years,"Queen Victoria reigned from 1837 to 1901, almost 64 years. During this time Britain became a powerful country with a large empire.",Chapter 3 · A global power,3,,,
Q-CH3-GLO-010,CH3-GLO,single,Who is famous for her nursing work during the Crimean War?,*Florence Nightingale | Emmeline Pankhurst | Elizabeth Fry | Jane Austen,Florence Nightingale cared for wounded soldiers in the Crimean War. She later set up a school for nurses in London.,Chapter 3 · A global power,2,,,
Q-CH3-GLO-011,CH3-GLO,single,Which engineer built the Great Western Railway?,*Isambard Kingdom Brunel | James Watt | Henry Bessemer | Richard Arkwright,"Isambard Kingdom Brunel was a great engineer. He built the Great Western Railway, tunnels, bridges and steamships.",Chapter 3 · A global power,2,,,
Q-CH3-GLO-012,CH3-GLO,single,"Who led the suffragettes, who campaigned for women to have the vote?",*Emmeline Pankhurst | Florence Nightingale | Margaret Thatcher | Jane Austen,"Emmeline Pankhurst set up the Women's Social and Political Union. Its members, called suffragettes, campaigned hard for women's right to vote.",Chapter 3 · A global power,1,,,
Q-CH3-GLO-013,CH3-GLO,truefalse,"In 1928, women got the right to vote at 21, the same age as men.",*True | False,"In 1918 women over 30 got the vote. Ten years later, in 1928, women could vote at 21, the same as men.",Chapter 3 · A global power,3,,,
Q-CH3-MID-001,CH3-MID,single,Which Scottish king defeated the English at the Battle of Bannockburn in 1314?,*Robert the Bruce | Kenneth MacAlpin | James IV | Macbeth,Robert the Bruce defeated the English at Bannockburn in 1314. Scotland stayed unconquered by the English.,Chapter 3 · The Middle Ages,2,,,
Q-CH3-MID-002,CH3-MID,single,What was the Black Death?,*A plague that killed about a third of people in England | A famine in Ireland in the 1840s | A long war between England and France | A great fire that destroyed London,"The Black Death reached Britain in 1348. About one third of the population of England died, and a similar share in Scotland and Wales.",Chapter 3 · The Middle Ages,2,,,
Q-CH3-MID-003,CH3-MID,single,Which king was made to agree to the Magna Carta in 1215?,*King John | Henry VIII | Richard III | Edward I,Nobles forced King John to agree to the Magna Carta in 1215. It showed that even the king had to obey the law.,Chapter 3 · The Middle Ages,2,,,
Q-CH3-MID-004,CH3-MID,single,Which English king won the Battle of Agincourt in 1415?,*Henry V | Henry VIII | Edward III | Richard II,"Henry V led the English to victory over the French at Agincourt in 1415, during the Hundred Years War.",Chapter 3 · The Middle Ages,3,,,
Q-CH3-MID-005,CH3-MID,single,Which battle in 1485 ended the Wars of the Roses?,*The Battle of Bosworth Field | The Battle of Hastings | The Battle of Bannockburn | The Battle of Culloden,"Henry Tudor defeated King Richard III at Bosworth Field in 1485. He became King Henry VII, the first Tudor king.",Chapter 3 · The Middle Ages,2,,,
Q-CH3-MID-006,CH3-MID,multi,Which TWO families fought each other in the Wars of the Roses?,*The House of Lancaster | *The House of York | The House of Stuart | The House of Windsor,"The Wars of the Roses were fought between the House of Lancaster, whose symbol was a red rose, and the House of York, whose symbol was a white rose.",Chapter 3 · The Middle Ages,2,,,
Q-CH3-MID-007,CH3-MID,single,Who wrote The Canterbury Tales?,*Geoffrey Chaucer | William Shakespeare | William Caxton | Robert Burns,"Geoffrey Chaucer wrote The Canterbury Tales, poems about pilgrims travelling to Canterbury. It was one of the first books printed in England.",Chapter 3 · The Middle Ages,2,,,
Q-CH3-MID-008,CH3-MID,truefalse,William Caxton was the first person in England to print books using a printing press.,*True | False,William Caxton brought the printing press to England in the 15th century. This helped books in English reach many more people.,Chapter 3 · The Middle Ages,2,,,
Q-CH3-MID-009,CH3-MID,single,The Hundred Years War was fought between England and which country?,*France | Spain | Scotland | The Netherlands,"England fought a long series of wars with France, known as the Hundred Years War. It actually lasted 116 years.",Chapter 3 · The Middle Ages,2,,,
Q-CH3-POS-001,CH3-POS,single,Who was the first woman to be Prime Minister of the UK?,*Margaret Thatcher | Barbara Castle | Shirley Williams | Betty Boothroyd,Margaret Thatcher became the UK's first woman Prime Minister in 1979. She led the government until 1990.,Chapter 3 · Britain since 1945,1,,,
Q-CH3-POS-002,CH3-POS,single,In which year did the UK join the European Economic Community?,*1973 | 1957 | 1949 | 1990,"The UK joined the European Economic Community in 1973, after earlier attempts to join had been refused.",Chapter 3 · Britain since 1945,3,,,
Q-CH3-POS-003,CH3-POS,single,Who invented the World Wide Web?,*Sir Tim Berners-Lee | Alan Turing | John Logie Baird | James Goodfellow,"Sir Tim Berners-Lee, a British scientist, created the World Wide Web. Information was first shared on it in 1990.",Chapter 3 · Britain since 1945,2,,,
Q-CH3-POS-004,CH3-POS,single,Which 1998 agreement helped bring peace to Northern Ireland?,*The Good Friday Agreement | The Act of Union | The Treaty of Rome | The Belfast Charter,The Good Friday Agreement of 1998 helped end years of conflict in Northern Ireland. It led to a new Northern Ireland Assembly.,Chapter 3 · Britain since 1945,2,,,
Q-CH3-POS-005,CH3-POS,single,"In which country of the UK was Dolly the sheep, the first mammal cloned from an adult cell, created?",*Scotland | Wales | England | Northern Ireland,"Dolly the sheep was cloned in 1996 by scientists at the Roslin Institute near Edinburgh, Scotland.",Chapter 3 · Britain since 1945,2,,,
Q-CH3-POS-006,CH3-POS,truefalse,"The first baby conceived by IVF, sometimes called a 'test-tube baby', was born in the UK in 1978.",*True | False,"British doctors developed IVF treatment. The first IVF baby was born in Oldham, England, in 1978.",Chapter 3 · Britain since 1945,3,,,
Q-CH3-POS-007,CH3-POS,single,Which supersonic airliner was developed by Britain and France?,*Concorde | The Spitfire | The Comet | The Hurricane,Concorde was a passenger aircraft that flew faster than the speed of sound. It first flew in 1969 and carried passengers from 1976 to 2003.,Chapter 3 · Britain since 1945,2,,,
Q-CH3-POS-008,CH3-POS,single,Who invented the hovercraft?,*Sir Christopher Cockerell | Sir Frank Whittle | James Goodfellow | Sir Peter Mansfield,"Sir Christopher Cockerell, a British engineer, invented the hovercraft in the 1950s.",Chapter 3 · Britain since 1945,3,,,
Q-CH3-POS-009,CH3-POS,single,"Who invented the cash machine, or ATM?",*James Goodfellow | John Logie Baird | James Watt | Tim Berners-Lee,"James Goodfellow, a Scottish engineer, invented the cash machine in the 1960s.",Chapter 3 · Britain since 1945,3,,,
Q-CH3-POS-010,CH3-POS,single,"In the 1950s and 1960s, the UK encouraged workers from which places to come and help rebuild?","*The West Indies, India and Pakistan | Australia and New Zealand | Canada and the USA | France and Germany","There was a shortage of workers after the war. People came from the West Indies, India, Pakistan and later Bangladesh to work in the UK.",Chapter 3 · Britain since 1945,2,,,
Q-CH3-POS-011,CH3-POS,truefalse,"After votes in 1997, Scotland and Wales got their own elected bodies, which began work in 1999.",*True | False,"The Scottish Parliament and the Welsh Assembly (now the Senedd) were set up in 1999, with powers over matters such as health and education.",Chapter 3 · Britain since 1945,2,,,
Q-CH3-TUD-001,CH3-TUD,single,Which king broke away from the Church of Rome?,*Henry VIII | Edward I | Charles II | James I,Henry VIII set up the Church of England when the Pope would not let him end his first marriage.,Chapter 3 · The Tudors and Stuarts,1,,,
Q-CH3-TUD-002,CH3-TUD,single,"Which of Henry VIII's wives gave birth to his only son, Edward?",*Jane Seymour | Anne Boleyn | Catherine of Aragon | Catherine Parr,"Jane Seymour gave Henry VIII the son he wanted, who became Edward VI. She died soon after the birth.",Chapter 3 · The Tudors and Stuarts,3,,,
Q-CH3-TUD-003,CH3-TUD,single,"In 1588, which fleet did the English defeat?",*The Spanish Armada | The French navy | The Dutch fleet | The Viking fleet,"The English defeated the Spanish Armada, a large fleet of ships sent to invade England and bring back the Catholic faith.",Chapter 3 · The Tudors and Stuarts,2,,,
Q-CH3-TUD-004,CH3-TUD,single,Who was the monarch when the Spanish Armada was defeated?,*Elizabeth I | Mary I | Victoria | Anne,Elizabeth I was queen when the Spanish Armada was defeated in 1588. She was very popular and her reign is often remembered as a golden age.,Chapter 3 · The Tudors and Stuarts,2,,,
Q-CH3-TUD-005,CH3-TUD,single,Where was William Shakespeare born?,*Stratford-upon-Avon | London | Oxford | Canterbury,"William Shakespeare was born in Stratford-upon-Avon, England, in 1564. Many people think he is the greatest writer in the English language.",Chapter 3 · The Tudors and Stuarts,1,,,
Q-CH3-TUD-006,CH3-TUD,single,Which king of Scotland also became King of England in 1603?,*James VI | Charles I | Robert the Bruce | William III,"When Elizabeth I died without children, James VI of Scotland became James I of England. He ruled both countries.",Chapter 3 · The Tudors and Stuarts,3,,,
Q-CH3-TUD-007,CH3-TUD,single,Which king was executed in 1649 after the English Civil War?,*Charles I | Charles II | James II | Henry VIII,Charles I lost the Civil War against Parliament and was executed in 1649. England became a republic for a short time.,Chapter 3 · The Tudors and Stuarts,2,,,
Q-CH3-TUD-008,CH3-TUD,single,"In the English Civil War, what were supporters of the king called?",*Cavaliers | Roundheads | Jacobites | Puritans,Supporters of the king were called Cavaliers. Supporters of Parliament were called Roundheads.,Chapter 3 · The Tudors and Stuarts,2,,,
Q-CH3-TUD-009,CH3-TUD,single,Who became Lord Protector after the English Civil War?,*Oliver Cromwell | Robert Walpole | Thomas Cromwell | William of Orange,Oliver Cromwell led the army of Parliament and ruled England as Lord Protector until he died in 1658.,Chapter 3 · The Tudors and Stuarts,2,,,
Q-CH3-TUD-010,CH3-TUD,single,In which year was there a great fire in London?,*1666 | 1588 | 1605 | 1688,The Great Fire of London in 1666 destroyed many buildings. Sir Christopher Wren designed the new St Paul's Cathedral.,Chapter 3 · The Tudors and Stuarts,2,,,
Q-CH3-TUD-011,CH3-TUD,single,What was the Glorious Revolution of 1688?,*William of Orange became king with no fighting in England | Parliament got rid of the monarchy | Scotland and England joined together | Charles II came back from exile,"Protestant leaders invited William of Orange to take the throne. James II fled to France and there was no fighting in England, so it was called glorious.",Chapter 3 · The Tudors and Stuarts,3,,,
Q-CH3-TUD-012,CH3-TUD,truefalse,The Act of Union of 1707 joined England and Scotland into the Kingdom of Great Britain.,*True | False,The Act of Union created the Kingdom of Great Britain. Scotland kept its own legal and education systems and its own church.,Chapter 3 · The Tudors and Stuarts,2,,,
Q-CH3-TUD-013,CH3-TUD,single,Which law of 1679 protects people from being held in prison unlawfully?,*The Habeas Corpus Act | The Bill of Rights | The Magna Carta | The Act of Union,The Habeas Corpus Act means someone who is arrested must be brought before a court. This protects people from being held without a lawful reason.,Chapter 3 · The Tudors and Stuarts,3,,,
Q-CH4-ART-001,CH4-ART,single,"Where is the Proms, an eight-week summer season of classical music, mainly held?",*The Royal Albert Hall | Wembley Stadium | The O2 Arena | Covent Garden,The Proms is a summer season of classical concerts held mainly at the Royal Albert Hall in London. It has run since 1895.,Chapter 4 · Arts and culture,2,,,
Q-CH4-ART-002,CH4-ART,single,Who composed 'Pomp and Circumstance'?,*Sir Edward Elgar | Benjamin Britten | Henry Purcell | Andrew Lloyd Webber,Sir Edward Elgar wrote the 'Pomp and Circumstance' marches. One is often sung as 'Land of Hope and Glory'.,Chapter 4 · Arts and culture,3,,,
Q-CH4-ART-003,CH4-ART,single,Who wrote Oliver Twist?,*Charles Dickens | Thomas Hardy | Jane Austen | Sir Arthur Conan Doyle,"Charles Dickens wrote many famous novels, including Oliver Twist and Great Expectations. They show the lives of poor people in the 19th century.",Chapter 4 · Arts and culture,1,,,
Q-CH4-ART-004,CH4-ART,single,Who created the detective Sherlock Holmes?,*Sir Arthur Conan Doyle | Ian Fleming | Charles Dickens | Thomas Hardy,"Sir Arthur Conan Doyle, a Scottish doctor and writer, created Sherlock Holmes, one of the best-known fictional detectives.",Chapter 4 · Arts and culture,2,,,
Q-CH4-ART-005,CH4-ART,single,Which prize is given each year to a contemporary British artist?,*The Turner Prize | The Man Booker Prize | A BAFTA | The Laurence Olivier Award,The Turner Prize is named after the painter J M W Turner and celebrates contemporary art. The Man Booker Prize is for fiction.,Chapter 4 · Arts and culture,2,,,
Q-CH4-ART-006,CH4-ART,single,Who designed St Paul's Cathedral after the Great Fire of London?,*Sir Christopher Wren | Sir Edwin Lutyens | Capability Brown | Henry Moore,Sir Christopher Wren rebuilt St Paul's Cathedral and many London churches after the fire of 1666.,Chapter 4 · Arts and culture,2,,,
Q-CH4-ART-007,CH4-ART,truefalse,"The Eisteddfod is a Welsh festival of music, poetry and performance.",*True | False,"The National Eisteddfod of Wales is a large festival of music, literature and performance, with many events in the Welsh language.",Chapter 4 · Arts and culture,2,,,
Q-CH4-ART-008,CH4-ART,single,Who wrote Pride and Prejudice?,*Jane Austen | Thomas Hardy | Charles Dickens | Agatha Christie,Jane Austen wrote Pride and Prejudice and Sense and Sensibility. Her novels are about marriage and family life.,Chapter 4 · Arts and culture,1,,,
Q-CH4-CUS-001,CH4-CUS,single,When is Boxing Day?,*26 December | 24 December | 1 January | 31 December,"Boxing Day is the day after Christmas Day, 26 December. It is a public holiday.",Chapter 4 · Customs and traditions,1,,,
Q-CH4-CUS-002,CH4-CUS,single,What is New Year's Eve called in Scotland?,*Hogmanay | Burns Night | Ceilidh | Eisteddfod,"In Scotland, 31 December is called Hogmanay. For some Scottish people it is a bigger celebration than Christmas.",Chapter 4 · Customs and traditions,2,,,
Q-CH4-CUS-003,CH4-CUS,single,"What do people remember on Bonfire Night, 5 November?",*A failed plot to blow up Parliament in 1605 | The end of the First World War | The Battle of Hastings | The Great Fire of London,"In 1605 a group of Catholics, including Guy Fawkes, tried to blow up the Houses of Parliament. People mark this with fireworks and bonfires.",Chapter 4 · Customs and traditions,2,,,
Q-CH4-CUS-004,CH4-CUS,single,Why do many people wear poppies in early November?,*To remember people who died in wars | To celebrate the harvest | To mark the start of winter | To celebrate Guy Fawkes,Remembrance Day is 11 November. People wear red poppies to remember those who died fighting for the UK and its allies.,Chapter 4 · Customs and traditions,1,,,
Q-CH4-CUS-005,CH4-CUS,single,When is Valentine's Day?,*14 February | 1 April | 14 March | 31 October,"On Valentine's Day, 14 February, people send cards or gifts to someone they love.",Chapter 4 · Customs and traditions,1,,,
Q-CH4-CUS-006,CH4-CUS,truefalse,"On 1 April, people traditionally play jokes on each other until midday.",*True | False,"April Fool's Day is on 1 April. People play jokes on each other, but only until midday.",Chapter 4 · Customs and traditions,2,,,
Q-CH4-CUS-007,CH4-CUS,multi,Which TWO of these are Christian festivals?,*Easter | *Christmas | Diwali | Hanukkah,Christmas celebrates the birth of Jesus and Easter remembers his death and resurrection. Diwali is a Hindu and Sikh festival and Hanukkah is Jewish.,Chapter 4 · Customs and traditions,1,,,
Q-CH4-CUS-008,CH4-CUS,single,On which date is Halloween?,*31 October | 1 November | 5 November | 11 November,Halloween is on 31 October. Children often dress up and go 'trick or treating'.,Chapter 4 · Customs and traditions,1,,,
Q-CH4-LEI-001,CH4-LEI,single,Which food is traditionally from Scotland?,*Haggis | Yorkshire pudding | Welsh cakes | Ulster fry,"Haggis is a traditional Scottish dish made from sheep's stomach stuffed with offal, oats and spices. It is often eaten on Burns Night.",Chapter 4 · Leisure,1,,,
Q-CH4-LEI-002,CH4-LEI,single,Which dish is traditionally linked to England?,*Roast beef with Yorkshire pudding | Haggis | Welsh cakes | Ulster fry,"Roast beef, often served with Yorkshire pudding made from batter, is a traditional English meal.",Chapter 4 · Leisure,1,,,
Q-CH4-LEI-003,CH4-LEI,truefalse,You need a TV licence to watch programmes on any device at the time they are broadcast.,*True | False,"A TV licence is needed to watch or record live TV on any device, including a computer or phone. The money helps pay for the BBC.",Chapter 4 · Leisure,2,,,
Q-CH4-LEI-004,CH4-LEI,single,What are national parks?,*Protected areas of countryside that everyone can visit | Gardens owned by the monarch | Sports grounds for local teams | Private estates that are closed to visitors,"National parks are areas of protected countryside. They are open to everyone for walking, camping and other activities.",Chapter 4 · Leisure,1,,,
Q-CH4-PLA-001,CH4-PLA,single,What is Big Ben?,*The great bell in the clock at the Houses of Parliament | The tower of Westminster Abbey | A large clock in Trafalgar Square | The main bell of St Paul's Cathedral,Big Ben is the nickname of the great bell in the clock tower at the Houses of Parliament. The tower was named Elizabeth Tower in 2012.,Chapter 4 · Places of interest,2,,,
Q-CH4-PLA-002,CH4-PLA,single,"In which county is the Eden Project, with its huge greenhouses of plants?",*Cornwall | Devon | Kent | Somerset,The Eden Project in Cornwall has large domes holding plants from around the world. It is also an educational charity.,Chapter 4 · Places of interest,2,,,
Q-CH4-PLA-003,CH4-PLA,single,Where is the Giant's Causeway?,*Northern Ireland | Scotland | Wales | England,The Giant's Causeway is on the north-east coast of Northern Ireland. It is made of thousands of six-sided rock columns.,Chapter 4 · Places of interest,2,,,
Q-CH4-PLA-004,CH4-PLA,single,"Which national park contains Windermere, the largest lake in England?",*The Lake District | Snowdonia | The Peak District | Dartmoor,The Lake District is England's largest national park. Windermere is England's largest lake.,Chapter 4 · Places of interest,2,,,
Q-CH4-PLA-005,CH4-PLA,single,What is the highest mountain in Wales?,*Snowdon (Yr Wyddfa) | Ben Nevis | Scafell Pike | Slieve Donard,"Snowdon, also called Yr Wyddfa, is the highest mountain in Wales. Ben Nevis in Scotland is the highest in the UK.",Chapter 4 · Places of interest,2,,,
Q-CH4-PLA-006,CH4-PLA,single,"Loch Lomond, the largest area of fresh water in mainland Britain, is in which country?",*Scotland | Wales | England | Northern Ireland,Loch Lomond is in Scotland. It is part of the Loch Lomond and the Trossachs National Park.,Chapter 4 · Places of interest,2,,,
Q-CH4-PLA-007,CH4-PLA,truefalse,The London Eye is a large observation wheel on the south bank of the River Thames.,*True | False,"The London Eye opened to mark the year 2000. From the top, visitors can see across much of London.",Chapter 4 · Places of interest,1,,,
Q-CH4-REL-001,CH4-REL,single,Who is the patron saint of Scotland?,*St Andrew | St David | St George | St Patrick,"St Andrew is the patron saint of Scotland and St Andrew's Day is 30 November. St David is for Wales, St George for England and St Patrick for Northern Ireland.",Chapter 4 · Religion,1,,,
Q-CH4-REL-002,CH4-REL,single,"When is St David's Day, the national day of Wales?",*1 March | 17 March | 23 April | 30 November,"St David's Day is on 1 March. St Patrick's Day is 17 March, St George's Day is 23 April and St Andrew's Day is 30 November.",Chapter 4 · Religion,2,,,
Q-CH4-REL-003,CH4-REL,single,When is St George's Day?,*23 April | 1 March | 17 March | 30 November,St George is the patron saint of England and his day is 23 April.,Chapter 4 · Religion,2,,,
Q-CH4-REL-004,CH4-REL,single,Who is the head of the Church of England?,*The monarch | The Archbishop of Canterbury | The Prime Minister | The Pope,The monarch is the head of the Church of England. The Archbishop of Canterbury is its spiritual leader.,Chapter 4 · Religion,2,,,
Q-CH4-REL-005,CH4-REL,truefalse,"People in the UK are free to choose any religion, or to have no religion.",*True | False,"The UK has religious freedom. People can follow any faith, change their faith or have none.",Chapter 4 · Religion,1,,,
Q-CH4-REL-006,CH4-REL,single,What is the national church in Scotland?,*The Church of Scotland | The Church of England | The Church in Wales | The Roman Catholic Church,"The Church of Scotland is a Presbyterian church. It is run by ministers and elders, not by the monarch.",Chapter 4 · Religion,2,,,
Q-CH4-SPO-001,CH4-SPO,single,Where is the Grand National horse race held?,"*Aintree, near Liverpool | Ascot | Epsom | Newmarket","The Grand National is a famous horse race at Aintree, near Liverpool. Royal Ascot is another well-known race meeting.",Chapter 4 · Sport,2,,,
Q-CH4-SPO-002,CH4-SPO,single,Which is the oldest tennis tournament in the world?,*Wimbledon | The US Open | The French Open | The Australian Open,The Wimbledon Championships began in 1877. It is the oldest tennis tournament in the world and the only major one played on grass.,Chapter 4 · Sport,2,,,
Q-CH4-SPO-003,CH4-SPO,single,Which town in Scotland is known as the home of golf?,*St Andrews | Gleneagles | Inverness | Stirling,Golf has been played in Scotland since the 15th century. St Andrews is known around the world as the home of golf.,Chapter 4 · Sport,2,,,
Q-CH4-SPO-004,CH4-SPO,single,"Who was the first man to run a mile in under four minutes, in 1954?",*Sir Roger Bannister | Sir Steve Redgrave | Sir Chris Hoy | Sir Mo Farah,Sir Roger Bannister ran a mile in under four minutes in 1954. Nobody had done it before.,Chapter 4 · Sport,2,,,
Q-CH4-SPO-005,CH4-SPO,single,How many times had London hosted the Olympic Games by 2012?,*Three | Two | One | Four,"London hosted the Olympic Games in 1908, 1948 and 2012. The 2012 Games were held mainly in Stratford, east London.",Chapter 4 · Sport,3,,,
Q-CH4-SPO-006,CH4-SPO,single,The Paralympic Games began from work at which hospital?,*Stoke Mandeville | Great Ormond Street | St Thomas' | Addenbrooke's,Sport for disabled people was developed at Stoke Mandeville hospital in Buckinghamshire. This work led to the Paralympic Games.,Chapter 4 · Sport,3,,,
Q-CH4-SPO-007,CH4-SPO,truefalse,Sir Steve Redgrave won rowing gold medals at five Olympic Games in a row.,*True | False,"Sir Steve Redgrave won gold in rowing at five Olympic Games one after another, from 1984 to 2000.",Chapter 4 · Sport,3,,,
Q-CH4-SPO-008,CH4-SPO,single,In which sport do England and Australia compete for The Ashes?,*Cricket | Rugby | Tennis | Golf,The Ashes is a famous series of cricket matches between England and Australia.,Chapter 4 · Sport,2,,,
Q-CH4-TOD-001,CH4-TOD,single,What is the currency of the UK?,*The pound sterling | The euro | The dollar | The franc,The UK currency is the pound sterling. There are 100 pence in a pound.,Chapter 4 · The UK today,1,,,
Q-CH4-TOD-002,CH4-TOD,truefalse,"Scotland and Northern Ireland have their own banknotes, which can be used anywhere in the UK.",*True | False,"Banks in Scotland and Northern Ireland print their own banknotes. They are valid everywhere in the UK, although some shops may not accept them.",Chapter 4 · The UK today,2,,,
Q-CH4-TOD-003,CH4-TOD,single,"Which language is spoken by many people in Wales, alongside English?",*Welsh | Gaelic | Cornish | Manx,"Many people in Wales speak Welsh, and children learn it at school. In parts of Scotland some people speak Gaelic.",Chapter 4 · The UK today,1,,,
Q-CH4-TOD-004,CH4-TOD,truefalse,Women make up about half of the workforce in Britain today.,*True | False,Women in Britain have the same rights to work as men. Today they make up about half of the workforce.,Chapter 4 · The UK today,2,,,
Q-CH5-CON-001,CH5-CON,truefalse,The UK constitution is written down in a single document.,True | *False,"The UK constitution is not written in one document, so it is often called 'unwritten'. It comes from laws, conventions and court decisions.",Chapter 5 · The British constitution,1,,,
Q-CH5-CON-002,CH5-CON,single,What type of monarchy does the UK have?,*A constitutional monarchy | An absolute monarchy | An elected monarchy | A military monarchy,In a constitutional monarchy the king or queen does not rule the country. The elected government makes decisions.,Chapter 5 · The British constitution,1,,,
Q-CH5-CON-003,CH5-CON,single,Who is the head of state of the UK?,*The monarch | The Prime Minister | The Speaker of the House of Commons | The Lord Chancellor,The monarch is the head of state. The Prime Minister is the head of the government.,Chapter 5 · The British constitution,1,,,
Q-CH5-CON-004,CH5-CON,single,What does the Speaker of the House of Commons do?,"*Chairs debates and keeps order, staying neutral | Leads the government | Speaks for the monarch | Leads the opposition","The Speaker is an MP chosen by other MPs. The Speaker chairs debates, keeps order and does not take sides.",Chapter 5 · The British constitution,2,,,
Q-CH5-CON-005,CH5-CON,single,Who sits in the House of Commons?,*Members of Parliament elected by voters | Peers appointed for life | Senior judges | Bishops of the Church of England,The House of Commons is made up of MPs elected by voters in their constituencies. It is the more important of the two Houses.,Chapter 5 · The British constitution,1,,,
Q-CH5-CON-006,CH5-CON,multi,Which TWO kinds of member sit in the House of Lords?,*Life peers | *Senior bishops of the Church of England | Elected MPs | Local councillors,"Members of the House of Lords are not elected. They include life peers, some hereditary peers and senior bishops of the Church of England.",Chapter 5 · The British constitution,2,,,
Q-CH5-CON-007,CH5-CON,single,How often must a general election be held?,*At least every five years | Every four years | Every three years | Every seven years,A general election must be held at least every five years. MPs are elected in every constituency.,Chapter 5 · The British constitution,2,,,
Q-CH5-DEM-001,CH5-DEM,single,What is the minimum age to vote in a UK general election?,*18 | 16 | 21 | 25,"You must be 18 or over to vote in elections to the UK Parliament. In some elections in Scotland and Wales, people can vote at 16.",Chapter 5 · The development of British democracy,1,,,
Q-CH5-DEM-002,CH5-DEM,single,In which year did the voting age for everyone become 18?,*1969 | 1928 | 1918 | 1945,The voting age was lowered from 21 to 18 for men and women in 1969.,Chapter 5 · The development of British democracy,3,,,
Q-CH5-DEM-003,CH5-DEM,truefalse,"In the 1830s and 1840s, the Chartists campaigned for every man to have the right to vote.",*True | False,"The Chartists were a group who campaigned for political reform, including votes for every man and secret ballots.",Chapter 5 · The development of British democracy,3,,,
Q-CH5-GOV-001,CH5-GOV,single,What is the Prime Minister's official home in London?,*10 Downing Street | 11 Downing Street | Buckingham Palace | Lambeth Palace,The Prime Minister lives and works at 10 Downing Street. The Prime Minister also has a country house called Chequers.,Chapter 5 · The government,1,,,
Q-CH5-GOV-002,CH5-GOV,single,Which government minister is responsible for the economy?,*The Chancellor of the Exchequer | The Home Secretary | The Foreign Secretary | The Lord Chancellor,"The Chancellor of the Exchequer is responsible for the economy. The Home Secretary deals with crime, policing and immigration.",Chapter 5 · The government,2,,,
Q-CH5-GOV-003,CH5-GOV,single,What is the second-largest party in the House of Commons usually called?,*The opposition | The cabinet | The civil service | The coalition,"The second-largest party is the opposition. Its leader is the Leader of the Opposition, who leads a shadow cabinet.",Chapter 5 · The government,2,,,
Q-CH5-GOV-004,CH5-GOV,truefalse,Civil servants must be politically neutral.,*True | False,Civil servants carry out government policy. They do not take sides and keep working for the new government after an election.,Chapter 5 · The government,2,,,
Q-CH5-GOV-005,CH5-GOV,single,What is the official record of what is said in Parliament called?,*Hansard | The Domesday Book | The Gazette | The Magna Carta,"Hansard is the official report of what is said in Parliament. Anyone can read it, and debates are also broadcast.",Chapter 5 · The government,3,,,
Q-CH5-GOV-006,CH5-GOV,single,Where does the Northern Ireland Assembly meet?,"*Stormont, in Belfast | Holyrood, in Edinburgh | Westminster, in London | Cardiff Bay, in Cardiff",The Northern Ireland Assembly meets at Stormont in Belfast. It has powers over matters such as health and education.,Chapter 5 · The government,2,,,
Q-CH5-GOV-007,CH5-GOV,single,Where is the Scottish Parliament?,"*Holyrood, in Edinburgh | Glasgow city centre | Stormont, in Belfast | Westminster, in London",The Scottish Parliament meets at Holyrood in Edinburgh. It can make laws for Scotland on many matters.,Chapter 5 · The government,2,,,
Q-CH5-INT-001,CH5-INT,truefalse,The UK is a permanent member of the United Nations Security Council.,*True | False,"The UK is one of five permanent members of the UN Security Council, which works to keep international peace and security.",Chapter 5 · The UK and international institutions,2,,,
Q-CH5-INT-002,CH5-INT,single,What is the Commonwealth?,"*An association of countries, most once part of the British Empire | A group of European countries that trade freely | A military alliance of North Atlantic countries | The parliament of the four UK countries","The Commonwealth is a voluntary association of countries. Most were once part of the British Empire, and the monarch is its head.",Chapter 5 · The UK and international institutions,2,,,
Q-CH5-INT-003,CH5-INT,single,What is NATO?,*A group of countries that agree to defend each other | A group of countries that share one currency | A charity that helps refugees | A court that settles trade disputes,"The UK is a member of NATO, a group of European and North American countries that have agreed to help each other if they are attacked.",Chapter 5 · The UK and international institutions,2,,,
Q-CH5-INT-004,CH5-INT,single,Which organisation created the European Convention on Human Rights?,*The Council of Europe | The United Nations | The Commonwealth | NATO,The Council of Europe created the European Convention on Human Rights. It is separate from the European Union.,Chapter 5 · The UK and international institutions,3,,,
Q-CH5-LAW-001,CH5-LAW,single,Who usually hears cases in a magistrates' court in England and Wales?,"*Magistrates, who are usually unpaid volunteers | A judge and a jury | Police officers | Members of Parliament",Most minor criminal cases are heard by magistrates. They are usually unpaid and do not need legal qualifications.,Chapter 5 · Respecting the law,2,,,
Q-CH5-LAW-002,CH5-LAW,single,"How many people sit on a jury in England, Wales and Northern Ireland?",*12 | 15 | 10 | 8,"A jury has 12 people in England, Wales and Northern Ireland. In Scotland a jury has 15 people.",Chapter 5 · Respecting the law,2,,,
Q-CH5-LAW-003,CH5-LAW,single,"In England, Wales and Northern Ireland, which court hears cases against people aged 10 to 17?",*A youth court | The Crown Court | A county court | The small claims court,Young people aged 10 to 17 accused of a crime are usually tried in a youth court. Scotland uses a Children's Hearings System.,Chapter 5 · Respecting the law,2,,,
Q-CH5-LAW-004,CH5-LAW,multi,Which TWO of these are criminal offences in the UK?,*Carrying a weapon in public | *Selling tobacco to someone under 18 | Not paying back a loan to a friend | Breaking a contract with a builder,Carrying a weapon and selling tobacco to under-18s are crimes. Unpaid debts and broken contracts are usually settled under civil law.,Chapter 5 · Respecting the law,2,,,
Q-CH5-LAW-005,CH5-LAW,truefalse,A disagreement about faulty goods bought from a shop is usually dealt with under civil law.,*True | False,"Civil law covers disputes between people or businesses, such as faulty goods, debts and housing. Criminal law covers crimes.",Chapter 5 · Respecting the law,2,,,
Q-CH5-LAW-006,CH5-LAW,single,What do Police and Crime Commissioners (PCCs) do?,*Make sure local police are run well | Decide sentences in court | Write new criminal laws | Train police officers,PCCs are elected by the public in police areas in England and Wales. They set local police priorities and make sure policing is effective.,Chapter 5 · Respecting the law,3,,,
Q-CH5-LAW-007,CH5-LAW,truefalse,Forcing someone to marry is a criminal offence in the UK.,*True | False,"A forced marriage is one where someone does not agree to it. It is a crime, and courts can also issue orders to protect people at risk.",Chapter 5 · Respecting the law,2,,,
Q-CH5-ROL-001,CH5-ROL,truefalse,People on the electoral register can be asked to serve on a jury.,*True | False,If you are on the electoral register you may be chosen for jury service. You must do it unless you have a good reason.,Chapter 5 · Your role in the community,2,,,
Q-CH5-ROL-002,CH5-ROL,single,What is the electoral register?,*The official list of people who can vote | A list of everyone who pays tax | A record of all MPs | A list of council employees,"To vote, your name must be on the electoral register. You can register online or through your local council.",Chapter 5 · Your role in the community,1,,,
Q-CH5-ROL-003,CH5-ROL,single,What does National Insurance help pay for?,*State benefits and services such as the State Pension | Car insurance | Home insurance against fire | Private health care,"National Insurance contributions help pay for state benefits and services, such as the State Pension and the NHS.",Chapter 5 · Your role in the community,2,,,
Q-CH5-ROL-004,CH5-ROL,single,What is the minimum age to drive a car on UK roads?,*17 | 16 | 18 | 21,"You must be at least 17 to drive a car. You need a driving licence, which you get after passing a driving test.",Chapter 5 · Your role in the community,1,,,
